{
  "acc": [
    0.7355555891990662,
    0.8930000066757202,
    0.9148889183998108,
    0.9316666722297668,
    0.9405555725097656,
    0.9478889107704163,
    0.9548888802528381,
    0.9605555534362793,
    0.9652222394943237,
    0.9695555567741394
  ],
  "val_acc": [
    0.8790000081062317,
    0.9110000133514404,
    0.9240000247955322,
    0.9409999847412109,
    0.9509999752044678,
    0.9520000219345093,
    0.9570000171661377,
    0.9580000042915344,
    0.9670000076293945,
    0.9649999737739563
  ]
}