{
  "acc": [
    0.7517777681350708,
    0.8877778053283691,
    0.9155555367469788,
    0.9263333678245544,
    0.9383333325386047,
    0.9434444308280945,
    0.9513333439826965,
    0.9583333730697632,
    0.9641111493110657,
    0.9681110978126526
  ],
  "val_acc": [
    0.8849999904632568,
    0.9200000166893005,
    0.9340000152587891,
    0.9369999766349792,
    0.9419999718666077,
    0.9559999704360962,
    0.9490000009536743,
    0.9599999785423279,
    0.9620000123977661,
    0.9670000076293945
  ]
}